Time,Status,Screenshot
2025-05-01 21:00:26,SLEEPING !!!,logs/shruti_keshari/screenshot_2025-05-01_21-00-26_SLEEPING_.png
2025-05-01 21:00:26,SLEEPING !!!,logs/shruti_keshari/screenshot_2025-05-01_21-00-26_SLEEPING_.png
2025-05-01 21:00:26,SLEEPING !!!,logs/shruti_keshari/screenshot_2025-05-01_21-00-26_SLEEPING_.png
2025-05-01 21:00:26,SLEEPING !!!,logs/shruti_keshari/screenshot_2025-05-01_21-00-26_SLEEPING_.png
2025-05-01 21:00:26,SLEEPING !!!,logs/shruti_keshari/screenshot_2025-05-01_21-00-26_SLEEPING_.png
2025-05-01 21:00:26,SLEEPING !!!,logs/shruti_keshari/screenshot_2025-05-01_21-00-26_SLEEPING_.png
2025-05-01 21:00:27,SLEEPING !!!,logs/shruti_keshari/screenshot_2025-05-01_21-00-27_SLEEPING_.png
2025-05-01 21:00:27,SLEEPING !!!,logs/shruti_keshari/screenshot_2025-05-01_21-00-27_SLEEPING_.png
2025-05-01 21:00:27,SLEEPING !!!,logs/shruti_keshari/screenshot_2025-05-01_21-00-27_SLEEPING_.png
2025-05-01 21:00:27,SLEEPING !!!,logs/shruti_keshari/screenshot_2025-05-01_21-00-27_SLEEPING_.png
2025-05-01 21:00:27,SLEEPING !!!,logs/shruti_keshari/screenshot_2025-05-01_21-00-27_SLEEPING_.png
2025-05-01 21:00:32,Yawning (Drowsy),logs/shruti_keshari/screenshot_2025-05-01_21-00-32_Yawning_(Drowsy).png
2025-05-01 21:00:32,Yawning (Drowsy),logs/shruti_keshari/screenshot_2025-05-01_21-00-32_Yawning_(Drowsy).png
2025-05-01 21:00:32,Yawning (Drowsy),logs/shruti_keshari/screenshot_2025-05-01_21-00-32_Yawning_(Drowsy).png
2025-05-01 21:00:32,Yawning (Drowsy),logs/shruti_keshari/screenshot_2025-05-01_21-00-32_Yawning_(Drowsy).png
2025-05-01 21:01:15,SLEEPING !!!,logs/shruti_keshari/screenshot_2025-05-01_21-01-15_SLEEPING_.png
2025-05-01 21:01:15,SLEEPING !!!,logs/shruti_keshari/screenshot_2025-05-01_21-01-15_SLEEPING_.png
2025-05-01 21:01:15,SLEEPING !!!,logs/shruti_keshari/screenshot_2025-05-01_21-01-15_SLEEPING_.png
2025-05-01 21:01:15,SLEEPING !!!,logs/shruti_keshari/screenshot_2025-05-01_21-01-15_SLEEPING_.png
2025-05-01 21:01:25,SLEEPING !!!,logs/shruti_keshari/screenshot_2025-05-01_21-01-25_SLEEPING_.png
2025-05-01 21:01:25,SLEEPING !!!,logs/shruti_keshari/screenshot_2025-05-01_21-01-25_SLEEPING_.png
2025-05-01 21:01:25,SLEEPING !!!,logs/shruti_keshari/screenshot_2025-05-01_21-01-25_SLEEPING_.png
2025-05-01 21:01:25,SLEEPING !!!,logs/shruti_keshari/screenshot_2025-05-01_21-01-25_SLEEPING_.png
2025-05-01 21:01:26,SLEEPING !!!,logs/shruti_keshari/screenshot_2025-05-01_21-01-26_SLEEPING_.png
2025-05-01 21:01:26,SLEEPING !!!,logs/shruti_keshari/screenshot_2025-05-01_21-01-26_SLEEPING_.png
2025-05-01 21:01:26,SLEEPING !!!,logs/shruti_keshari/screenshot_2025-05-01_21-01-26_SLEEPING_.png
2025-05-01 21:01:26,SLEEPING !!!,logs/shruti_keshari/screenshot_2025-05-01_21-01-26_SLEEPING_.png
2025-05-01 21:30:56,SLEEPING !!!,logs/shruti_keshari/screenshot_2025-05-01_21-30-56_SLEEPING_.png
2025-05-02 23:05:46,Yawning (Drowsy),logs/shruti_keshari/screenshot_2025-05-02_23-05-46_Yawning_(Drowsy).png
2025-05-02 23:05:46,Yawning (Drowsy),logs/shruti_keshari/screenshot_2025-05-02_23-05-46_Yawning_(Drowsy).png
2025-05-04 01:03:23,SLEEPING !!!,logs/shruti_keshari/screenshot_2025-05-04_01-03-23_SLEEPING_.png
2025-05-04 01:03:23,SLEEPING !!!,logs/shruti_keshari/screenshot_2025-05-04_01-03-23_SLEEPING_.png
2025-05-04 01:03:23,SLEEPING !!!,logs/shruti_keshari/screenshot_2025-05-04_01-03-23_SLEEPING_.png
2025-05-04 01:03:23,SLEEPING !!!,logs/shruti_keshari/screenshot_2025-05-04_01-03-23_SLEEPING_.png
2025-05-04 01:03:23,SLEEPING !!!,logs/shruti_keshari/screenshot_2025-05-04_01-03-23_SLEEPING_.png
2025-05-04 01:03:23,SLEEPING !!!,logs/shruti_keshari/screenshot_2025-05-04_01-03-23_SLEEPING_.png
2025-05-04 01:03:23,SLEEPING !!!,logs/shruti_keshari/screenshot_2025-05-04_01-03-23_SLEEPING_.png
2025-05-04 01:06:20,Drowsy !,logs/shruti_keshari/screenshot_2025-05-04_01-06-20_Drowsy_.png
2025-05-09 13:40:35,Yawning (Drowsy),logs/shruti_keshari/screenshot_2025-05-09_13-40-35_Yawning_(Drowsy).png
2025-05-09 13:41:12,SLEEPING !!!,logs/shruti_keshari/screenshot_2025-05-09_13-41-12_SLEEPING_.png
2025-05-09 13:41:20,Drowsy !,logs/shruti_keshari/screenshot_2025-05-09_13-41-20_Drowsy_.png
2025-05-09 13:41:20,Drowsy !,logs/shruti_keshari/screenshot_2025-05-09_13-41-20_Drowsy_.png
2025-05-09 13:41:22,Drowsy !,logs/shruti_keshari/screenshot_2025-05-09_13-41-22_Drowsy_.png
2025-05-09 13:41:29,SLEEPING !!!,logs/shruti_keshari/screenshot_2025-05-09_13-41-29_SLEEPING_.png
2025-05-09 13:42:00,SLEEPING !!!,logs/shruti_keshari/screenshot_2025-05-09_13-42-00_SLEEPING_.png
2025-05-09 13:42:16,Drowsy !,logs/shruti_keshari/screenshot_2025-05-09_13-42-16_Drowsy_.png
2025-05-09 13:42:16,Drowsy !,logs/shruti_keshari/screenshot_2025-05-09_13-42-16_Drowsy_.png
2025-05-09 13:42:16,Drowsy !,logs/shruti_keshari/screenshot_2025-05-09_13-42-16_Drowsy_.png
2025-05-09 13:42:16,Drowsy !,logs/shruti_keshari/screenshot_2025-05-09_13-42-16_Drowsy_.png
2025-05-09 13:42:25,Yawning (Drowsy),logs/shruti_keshari/screenshot_2025-05-09_13-42-25_Yawning_(Drowsy).png
2025-05-09 13:42:43,Yawning (Drowsy),logs/shruti_keshari/screenshot_2025-05-09_13-42-43_Yawning_(Drowsy).png
2025-05-09 13:42:44,Yawning (Drowsy),logs/shruti_keshari/screenshot_2025-05-09_13-42-44_Yawning_(Drowsy).png
2025-05-09 13:42:44,Yawning (Drowsy),logs/shruti_keshari/screenshot_2025-05-09_13-42-44_Yawning_(Drowsy).png
2025-05-09 13:42:44,Yawning (Drowsy),logs/shruti_keshari/screenshot_2025-05-09_13-42-44_Yawning_(Drowsy).png
2025-05-09 13:42:44,Yawning (Drowsy),logs/shruti_keshari/screenshot_2025-05-09_13-42-44_Yawning_(Drowsy).png
2025-05-09 13:42:44,Yawning (Drowsy),logs/shruti_keshari/screenshot_2025-05-09_13-42-44_Yawning_(Drowsy).png
2025-05-09 13:42:44,Yawning (Drowsy),logs/shruti_keshari/screenshot_2025-05-09_13-42-44_Yawning_(Drowsy).png
2025-05-09 13:42:51,Yawning (Drowsy),logs/shruti_keshari/screenshot_2025-05-09_13-42-51_Yawning_(Drowsy).png
2025-05-09 13:42:51,Yawning (Drowsy),logs/shruti_keshari/screenshot_2025-05-09_13-42-51_Yawning_(Drowsy).png
2025-05-09 13:42:51,Yawning (Drowsy),logs/shruti_keshari/screenshot_2025-05-09_13-42-51_Yawning_(Drowsy).png
2025-05-09 13:42:53,SLEEPING !!!,logs/shruti_keshari/screenshot_2025-05-09_13-42-53_SLEEPING_.png
2025-05-09 13:42:53,SLEEPING !!!,logs/shruti_keshari/screenshot_2025-05-09_13-42-53_SLEEPING_.png
2025-05-09 13:42:58,SLEEPING !!!,logs/shruti_keshari/screenshot_2025-05-09_13-42-58_SLEEPING_.png
2025-05-09 13:42:58,SLEEPING !!!,logs/shruti_keshari/screenshot_2025-05-09_13-42-58_SLEEPING_.png
2025-05-09 13:42:58,SLEEPING !!!,logs/shruti_keshari/screenshot_2025-05-09_13-42-58_SLEEPING_.png
2025-05-09 13:42:58,SLEEPING !!!,logs/shruti_keshari/screenshot_2025-05-09_13-42-58_SLEEPING_.png
2025-05-09 13:42:58,SLEEPING !!!,logs/shruti_keshari/screenshot_2025-05-09_13-42-58_SLEEPING_.png
2025-05-09 13:42:58,SLEEPING !!!,logs/shruti_keshari/screenshot_2025-05-09_13-42-58_SLEEPING_.png
2025-05-09 13:42:58,SLEEPING !!!,logs/shruti_keshari/screenshot_2025-05-09_13-42-58_SLEEPING_.png
2025-05-09 13:42:59,SLEEPING !!!,logs/shruti_keshari/screenshot_2025-05-09_13-42-59_SLEEPING_.png
2025-05-09 13:42:59,SLEEPING !!!,logs/shruti_keshari/screenshot_2025-05-09_13-42-59_SLEEPING_.png
2025-05-09 13:42:59,SLEEPING !!!,logs/shruti_keshari/screenshot_2025-05-09_13-42-59_SLEEPING_.png
2025-05-09 13:42:59,SLEEPING !!!,logs/shruti_keshari/screenshot_2025-05-09_13-42-59_SLEEPING_.png
2025-05-09 13:42:59,SLEEPING !!!,logs/shruti_keshari/screenshot_2025-05-09_13-42-59_SLEEPING_.png
2025-05-09 13:42:59,SLEEPING !!!,logs/shruti_keshari/screenshot_2025-05-09_13-42-59_SLEEPING_.png
2025-05-09 13:43:07,SLEEPING !!!,logs/shruti_keshari/screenshot_2025-05-09_13-43-07_SLEEPING_.png
2025-05-09 13:43:07,SLEEPING !!!,logs/shruti_keshari/screenshot_2025-05-09_13-43-07_SLEEPING_.png
2025-05-09 15:42:53,SLEEPING !!!,logs/shruti_keshari/screenshot_2025-05-09_15-42-53_SLEEPING_.png
2025-05-09 15:42:53,SLEEPING !!!,logs/shruti_keshari/screenshot_2025-05-09_15-42-53_SLEEPING_.png
2025-05-09 15:42:53,SLEEPING !!!,logs/shruti_keshari/screenshot_2025-05-09_15-42-53_SLEEPING_.png
2025-05-09 15:42:53,SLEEPING !!!,logs/shruti_keshari/screenshot_2025-05-09_15-42-53_SLEEPING_.png
2025-05-09 16:32:55,SLEEPING !!!,logs/shruti_keshari/screenshot_2025-05-09_16-32-55_SLEEPING_.png
2025-05-09 16:32:55,SLEEPING !!!,logs/shruti_keshari/screenshot_2025-05-09_16-32-55_SLEEPING_.png
2025-05-09 16:32:55,SLEEPING !!!,logs/shruti_keshari/screenshot_2025-05-09_16-32-55_SLEEPING_.png
2025-05-09 16:32:56,SLEEPING !!!,logs/shruti_keshari/screenshot_2025-05-09_16-32-56_SLEEPING_.png
2025-05-09 16:32:56,SLEEPING !!!,logs/shruti_keshari/screenshot_2025-05-09_16-32-56_SLEEPING_.png
2025-05-09 16:32:56,SLEEPING !!!,logs/shruti_keshari/screenshot_2025-05-09_16-32-56_SLEEPING_.png
2025-05-09 16:32:56,SLEEPING !!!,logs/shruti_keshari/screenshot_2025-05-09_16-32-56_SLEEPING_.png
2025-05-09 20:43:04,SLEEPING !!!,logs/shruti_keshari/screenshot_2025-05-09_20-43-04_SLEEPING_.png
2025-05-09 20:43:05,SLEEPING !!!,logs/shruti_keshari/screenshot_2025-05-09_20-43-05_SLEEPING_.png
2025-05-09 20:43:05,SLEEPING !!!,logs/shruti_keshari/screenshot_2025-05-09_20-43-05_SLEEPING_.png
2025-05-09 20:43:05,SLEEPING !!!,logs/shruti_keshari/screenshot_2025-05-09_20-43-05_SLEEPING_.png
2025-05-09 20:43:15,SLEEPING !!!,logs/shruti_keshari/screenshot_2025-05-09_20-43-15_SLEEPING_.png
2025-05-09 20:43:16,SLEEPING !!!,logs/shruti_keshari/screenshot_2025-05-09_20-43-16_SLEEPING_.png
2025-05-09 20:43:23,SLEEPING !!!,logs/shruti_keshari/screenshot_2025-05-09_20-43-23_SLEEPING_.png
2025-05-09 20:43:23,SLEEPING !!!,logs/shruti_keshari/screenshot_2025-05-09_20-43-23_SLEEPING_.png
2025-05-09 20:43:27,SLEEPING !!!,logs/shruti_keshari/screenshot_2025-05-09_20-43-27_SLEEPING_.png
2025-05-09 20:43:29,Yawning (Drowsy),logs/shruti_keshari/screenshot_2025-05-09_20-43-29_Yawning_(Drowsy).png
2025-05-09 20:43:29,Yawning (Drowsy),logs/shruti_keshari/screenshot_2025-05-09_20-43-29_Yawning_(Drowsy).png
2025-05-09 20:43:30,Yawning (Drowsy),logs/shruti_keshari/screenshot_2025-05-09_20-43-30_Yawning_(Drowsy).png
2025-05-09 20:43:30,Yawning (Drowsy),logs/shruti_keshari/screenshot_2025-05-09_20-43-30_Yawning_(Drowsy).png
2025-05-09 20:45:36,SLEEPING !!!,logs/shruti_keshari/screenshot_2025-05-09_20-45-36_SLEEPING_.png
2025-05-09 20:45:36,SLEEPING !!!,logs/shruti_keshari/screenshot_2025-05-09_20-45-36_SLEEPING_.png
2025-05-09 20:45:36,SLEEPING !!!,logs/shruti_keshari/screenshot_2025-05-09_20-45-36_SLEEPING_.png
2025-05-09 20:45:36,SLEEPING !!!,logs/shruti_keshari/screenshot_2025-05-09_20-45-36_SLEEPING_.png
2025-05-09 20:45:36,SLEEPING !!!,logs/shruti_keshari/screenshot_2025-05-09_20-45-36_SLEEPING_.png
2025-05-09 20:45:36,SLEEPING !!!,logs/shruti_keshari/screenshot_2025-05-09_20-45-36_SLEEPING_.png
2025-05-09 20:45:46,SLEEPING !!!,logs/shruti_keshari/screenshot_2025-05-09_20-45-46_SLEEPING_.png
2025-05-09 20:45:46,SLEEPING !!!,logs/shruti_keshari/screenshot_2025-05-09_20-45-46_SLEEPING_.png
2025-05-09 20:45:46,SLEEPING !!!,logs/shruti_keshari/screenshot_2025-05-09_20-45-46_SLEEPING_.png
2025-05-09 20:45:49,Yawning (Drowsy),logs/shruti_keshari/screenshot_2025-05-09_20-45-49_Yawning_(Drowsy).png
2025-05-09 20:45:49,Yawning (Drowsy),logs/shruti_keshari/screenshot_2025-05-09_20-45-49_Yawning_(Drowsy).png
2025-05-09 20:45:49,Yawning (Drowsy),logs/shruti_keshari/screenshot_2025-05-09_20-45-49_Yawning_(Drowsy).png
2025-05-09 20:45:56,Yawning (Drowsy),logs/shruti_keshari/screenshot_2025-05-09_20-45-56_Yawning_(Drowsy).png
2025-05-09 20:45:56,Yawning (Drowsy),logs/shruti_keshari/screenshot_2025-05-09_20-45-56_Yawning_(Drowsy).png
2025-05-09 20:45:58,SLEEPING !!!,logs/shruti_keshari/screenshot_2025-05-09_20-45-58_SLEEPING_.png
2025-05-09 20:45:58,SLEEPING !!!,logs/shruti_keshari/screenshot_2025-05-09_20-45-58_SLEEPING_.png
2025-05-09 20:45:58,SLEEPING !!!,logs/shruti_keshari/screenshot_2025-05-09_20-45-58_SLEEPING_.png
2025-05-09 20:45:58,SLEEPING !!!,logs/shruti_keshari/screenshot_2025-05-09_20-45-58_SLEEPING_.png
2025-05-09 20:45:59,SLEEPING !!!,logs/shruti_keshari/screenshot_2025-05-09_20-45-59_SLEEPING_.png
2025-05-09 20:45:59,SLEEPING !!!,logs/shruti_keshari/screenshot_2025-05-09_20-45-59_SLEEPING_.png
2025-05-09 20:45:59,SLEEPING !!!,logs/shruti_keshari/screenshot_2025-05-09_20-45-59_SLEEPING_.png
2025-05-09 20:45:59,SLEEPING !!!,logs/shruti_keshari/screenshot_2025-05-09_20-45-59_SLEEPING_.png
2025-05-09 20:45:59,SLEEPING !!!,logs/shruti_keshari/screenshot_2025-05-09_20-45-59_SLEEPING_.png
2025-05-09 20:45:59,SLEEPING !!!,logs/shruti_keshari/screenshot_2025-05-09_20-45-59_SLEEPING_.png
2025-05-09 20:45:59,SLEEPING !!!,logs/shruti_keshari/screenshot_2025-05-09_20-45-59_SLEEPING_.png
2025-05-09 20:45:59,SLEEPING !!!,logs/shruti_keshari/screenshot_2025-05-09_20-45-59_SLEEPING_.png
2025-05-09 20:46:01,SLEEPING !!!,logs/shruti_keshari/screenshot_2025-05-09_20-46-01_SLEEPING_.png
2025-05-09 20:46:06,Drowsy !,logs/shruti_keshari/screenshot_2025-05-09_20-46-06_Drowsy_.png
2025-05-09 20:46:06,Drowsy !,logs/shruti_keshari/screenshot_2025-05-09_20-46-06_Drowsy_.png
2025-05-09 20:46:06,Drowsy !,logs/shruti_keshari/screenshot_2025-05-09_20-46-06_Drowsy_.png
2025-05-09 20:46:07,Drowsy !,logs/shruti_keshari/screenshot_2025-05-09_20-46-07_Drowsy_.png
2025-05-09 20:46:07,Drowsy !,logs/shruti_keshari/screenshot_2025-05-09_20-46-07_Drowsy_.png
2025-05-09 20:46:07,Drowsy !,logs/shruti_keshari/screenshot_2025-05-09_20-46-07_Drowsy_.png
2025-05-09 20:46:07,Drowsy !,logs/shruti_keshari/screenshot_2025-05-09_20-46-07_Drowsy_.png
2025-05-09 20:46:07,Drowsy !,logs/shruti_keshari/screenshot_2025-05-09_20-46-07_Drowsy_.png
2025-05-09 20:46:09,SLEEPING !!!,logs/shruti_keshari/screenshot_2025-05-09_20-46-09_SLEEPING_.png
2025-05-09 20:46:09,SLEEPING !!!,logs/shruti_keshari/screenshot_2025-05-09_20-46-09_SLEEPING_.png
2025-05-09 20:46:09,SLEEPING !!!,logs/shruti_keshari/screenshot_2025-05-09_20-46-09_SLEEPING_.png
2025-05-09 20:46:09,SLEEPING !!!,logs/shruti_keshari/screenshot_2025-05-09_20-46-09_SLEEPING_.png
2025-05-09 20:46:09,SLEEPING !!!,logs/shruti_keshari/screenshot_2025-05-09_20-46-09_SLEEPING_.png
2025-05-14 12:56:02,Yawning (Drowsy),logs/shruti_keshari/screenshot_2025-05-14_12-56-02_Yawning_(Drowsy).png
2025-05-14 13:00:40,SLEEPING !!!,logs/shruti_keshari/screenshot_2025-05-14_13-00-40_SLEEPING_.png
2025-05-14 13:01:01,Yawning (Drowsy),logs/shruti_keshari/screenshot_2025-05-14_13-01-01_Yawning_(Drowsy).png
2025-05-14 13:01:01,Yawning (Drowsy),logs/shruti_keshari/screenshot_2025-05-14_13-01-01_Yawning_(Drowsy).png
2025-05-14 13:01:01,Yawning (Drowsy),logs/shruti_keshari/screenshot_2025-05-14_13-01-01_Yawning_(Drowsy).png
2025-05-14 13:01:02,Yawning (Drowsy),logs/shruti_keshari/screenshot_2025-05-14_13-01-02_Yawning_(Drowsy).png
2025-05-14 13:01:02,Yawning (Drowsy),logs/shruti_keshari/screenshot_2025-05-14_13-01-02_Yawning_(Drowsy).png
2025-05-14 13:01:02,Yawning (Drowsy),logs/shruti_keshari/screenshot_2025-05-14_13-01-02_Yawning_(Drowsy).png
2025-05-14 13:01:02,Yawning (Drowsy),logs/shruti_keshari/screenshot_2025-05-14_13-01-02_Yawning_(Drowsy).png
2025-05-14 13:01:02,Yawning (Drowsy),logs/shruti_keshari/screenshot_2025-05-14_13-01-02_Yawning_(Drowsy).png
2025-05-14 13:01:02,Yawning (Drowsy),logs/shruti_keshari/screenshot_2025-05-14_13-01-02_Yawning_(Drowsy).png
2025-05-14 13:01:02,Yawning (Drowsy),logs/shruti_keshari/screenshot_2025-05-14_13-01-02_Yawning_(Drowsy).png
2025-05-14 13:01:03,Yawning (Drowsy),logs/shruti_keshari/screenshot_2025-05-14_13-01-03_Yawning_(Drowsy).png
2025-05-14 13:01:03,Yawning (Drowsy),logs/shruti_keshari/screenshot_2025-05-14_13-01-03_Yawning_(Drowsy).png
2025-05-14 13:01:03,Yawning (Drowsy),logs/shruti_keshari/screenshot_2025-05-14_13-01-03_Yawning_(Drowsy).png
2025-05-14 13:01:03,Yawning (Drowsy),logs/shruti_keshari/screenshot_2025-05-14_13-01-03_Yawning_(Drowsy).png
2025-05-14 13:01:03,Yawning (Drowsy),logs/shruti_keshari/screenshot_2025-05-14_13-01-03_Yawning_(Drowsy).png
2025-05-14 13:01:03,Yawning (Drowsy),logs/shruti_keshari/screenshot_2025-05-14_13-01-03_Yawning_(Drowsy).png
2025-05-14 13:01:03,Yawning (Drowsy),logs/shruti_keshari/screenshot_2025-05-14_13-01-03_Yawning_(Drowsy).png
2025-05-14 13:01:04,Yawning (Drowsy),logs/shruti_keshari/screenshot_2025-05-14_13-01-04_Yawning_(Drowsy).png
2025-05-14 13:01:04,Yawning (Drowsy),logs/shruti_keshari/screenshot_2025-05-14_13-01-04_Yawning_(Drowsy).png
2025-05-14 13:01:04,Yawning (Drowsy),logs/shruti_keshari/screenshot_2025-05-14_13-01-04_Yawning_(Drowsy).png
2025-05-14 13:01:04,Yawning (Drowsy),logs/shruti_keshari/screenshot_2025-05-14_13-01-04_Yawning_(Drowsy).png
2025-05-14 13:01:45,SLEEPING !!!,logs/shruti_keshari/screenshot_2025-05-14_13-01-45_SLEEPING_.png
2025-05-14 13:01:45,SLEEPING !!!,logs/shruti_keshari/screenshot_2025-05-14_13-01-45_SLEEPING_.png
2025-05-14 13:01:45,SLEEPING !!!,logs/shruti_keshari/screenshot_2025-05-14_13-01-45_SLEEPING_.png
2025-05-14 13:01:45,SLEEPING !!!,logs/shruti_keshari/screenshot_2025-05-14_13-01-45_SLEEPING_.png
2025-05-14 13:01:45,SLEEPING !!!,logs/shruti_keshari/screenshot_2025-05-14_13-01-45_SLEEPING_.png
2025-05-14 13:01:45,SLEEPING !!!,logs/shruti_keshari/screenshot_2025-05-14_13-01-45_SLEEPING_.png
2025-05-14 13:01:45,SLEEPING !!!,logs/shruti_keshari/screenshot_2025-05-14_13-01-45_SLEEPING_.png
2025-05-14 22:51:33,SLEEPING !!!,logs/shruti_keshari/screenshot_2025-05-14_22-51-33_SLEEPING_.png
2025-05-14 22:51:33,SLEEPING !!!,logs/shruti_keshari/screenshot_2025-05-14_22-51-33_SLEEPING_.png
2025-05-14 22:51:33,SLEEPING !!!,logs/shruti_keshari/screenshot_2025-05-14_22-51-33_SLEEPING_.png
2025-05-14 22:51:33,SLEEPING !!!,logs/shruti_keshari/screenshot_2025-05-14_22-51-33_SLEEPING_.png
2025-05-14 22:51:33,SLEEPING !!!,logs/shruti_keshari/screenshot_2025-05-14_22-51-33_SLEEPING_.png
2025-05-14 22:51:33,SLEEPING !!!,logs/shruti_keshari/screenshot_2025-05-14_22-51-33_SLEEPING_.png
2025-05-14 22:51:34,SLEEPING !!!,logs/shruti_keshari/screenshot_2025-05-14_22-51-34_SLEEPING_.png
2025-05-14 22:51:34,SLEEPING !!!,logs/shruti_keshari/screenshot_2025-05-14_22-51-34_SLEEPING_.png
2025-05-14 22:51:34,SLEEPING !!!,logs/shruti_keshari/screenshot_2025-05-14_22-51-34_SLEEPING_.png
2025-05-14 22:51:34,SLEEPING !!!,logs/shruti_keshari/screenshot_2025-05-14_22-51-34_SLEEPING_.png
2025-05-14 22:51:34,SLEEPING !!!,logs/shruti_keshari/screenshot_2025-05-14_22-51-34_SLEEPING_.png
2025-05-14 22:51:34,SLEEPING !!!,logs/shruti_keshari/screenshot_2025-05-14_22-51-34_SLEEPING_.png
2025-05-14 22:51:34,SLEEPING !!!,logs/shruti_keshari/screenshot_2025-05-14_22-51-34_SLEEPING_.png
2025-05-14 22:51:35,SLEEPING !!!,logs/shruti_keshari/screenshot_2025-05-14_22-51-35_SLEEPING_.png
2025-05-14 22:51:35,SLEEPING !!!,logs/shruti_keshari/screenshot_2025-05-14_22-51-35_SLEEPING_.png
2025-05-14 22:51:35,SLEEPING !!!,logs/shruti_keshari/screenshot_2025-05-14_22-51-35_SLEEPING_.png
2025-05-14 22:51:35,SLEEPING !!!,logs/shruti_keshari/screenshot_2025-05-14_22-51-35_SLEEPING_.png
2025-05-14 22:51:35,SLEEPING !!!,logs/shruti_keshari/screenshot_2025-05-14_22-51-35_SLEEPING_.png
2025-05-14 22:51:35,SLEEPING !!!,logs/shruti_keshari/screenshot_2025-05-14_22-51-35_SLEEPING_.png
2025-05-14 22:51:35,SLEEPING !!!,logs/shruti_keshari/screenshot_2025-05-14_22-51-35_SLEEPING_.png
2025-05-14 22:51:35,SLEEPING !!!,logs/shruti_keshari/screenshot_2025-05-14_22-51-35_SLEEPING_.png
2025-05-14 22:51:36,SLEEPING !!!,logs/shruti_keshari/screenshot_2025-05-14_22-51-36_SLEEPING_.png
2025-05-14 22:51:36,Drowsy !,logs/shruti_keshari/screenshot_2025-05-14_22-51-36_Drowsy_.png
2025-05-14 22:52:10,SLEEPING !!!,logs/shruti_keshari/screenshot_2025-05-14_22-52-10_SLEEPING_.png
2025-05-14 22:52:10,SLEEPING !!!,logs/shruti_keshari/screenshot_2025-05-14_22-52-10_SLEEPING_.png
2025-05-14 22:52:10,SLEEPING !!!,logs/shruti_keshari/screenshot_2025-05-14_22-52-10_SLEEPING_.png
2025-05-14 22:52:10,SLEEPING !!!,logs/shruti_keshari/screenshot_2025-05-14_22-52-10_SLEEPING_.png
2025-05-14 22:52:11,SLEEPING !!!,logs/shruti_keshari/screenshot_2025-05-14_22-52-11_SLEEPING_.png
2025-05-14 22:52:11,SLEEPING !!!,logs/shruti_keshari/screenshot_2025-05-14_22-52-11_SLEEPING_.png
2025-05-14 22:52:11,SLEEPING !!!,logs/shruti_keshari/screenshot_2025-05-14_22-52-11_SLEEPING_.png
2025-05-14 22:52:11,SLEEPING !!!,logs/shruti_keshari/screenshot_2025-05-14_22-52-11_SLEEPING_.png
2025-05-14 22:52:11,SLEEPING !!!,logs/shruti_keshari/screenshot_2025-05-14_22-52-11_SLEEPING_.png
2025-05-14 22:52:11,SLEEPING !!!,logs/shruti_keshari/screenshot_2025-05-14_22-52-11_SLEEPING_.png
2025-05-14 22:52:11,SLEEPING !!!,logs/shruti_keshari/screenshot_2025-05-14_22-52-11_SLEEPING_.png
2025-05-14 22:52:12,SLEEPING !!!,logs/shruti_keshari/screenshot_2025-05-14_22-52-12_SLEEPING_.png
2025-05-14 22:52:15,SLEEPING !!!,logs/shruti_keshari/screenshot_2025-05-14_22-52-15_SLEEPING_.png
2025-05-14 22:52:15,SLEEPING !!!,logs/shruti_keshari/screenshot_2025-05-14_22-52-15_SLEEPING_.png
2025-05-14 22:52:15,SLEEPING !!!,logs/shruti_keshari/screenshot_2025-05-14_22-52-15_SLEEPING_.png
2025-05-14 22:52:16,SLEEPING !!!,logs/shruti_keshari/screenshot_2025-05-14_22-52-16_SLEEPING_.png
2025-05-14 22:52:16,SLEEPING !!!,logs/shruti_keshari/screenshot_2025-05-14_22-52-16_SLEEPING_.png
2025-05-14 22:52:16,SLEEPING !!!,logs/shruti_keshari/screenshot_2025-05-14_22-52-16_SLEEPING_.png
2025-05-14 22:52:16,SLEEPING !!!,logs/shruti_keshari/screenshot_2025-05-14_22-52-16_SLEEPING_.png
2025-05-14 22:52:16,SLEEPING !!!,logs/shruti_keshari/screenshot_2025-05-14_22-52-16_SLEEPING_.png
2025-05-14 22:52:16,SLEEPING !!!,logs/shruti_keshari/screenshot_2025-05-14_22-52-16_SLEEPING_.png
2025-05-14 22:52:16,SLEEPING !!!,logs/shruti_keshari/screenshot_2025-05-14_22-52-16_SLEEPING_.png
2025-05-14 22:52:17,SLEEPING !!!,logs/shruti_keshari/screenshot_2025-05-14_22-52-17_SLEEPING_.png
2025-05-14 22:52:17,SLEEPING !!!,logs/shruti_keshari/screenshot_2025-05-14_22-52-17_SLEEPING_.png
2025-05-14 22:52:17,SLEEPING !!!,logs/shruti_keshari/screenshot_2025-05-14_22-52-17_SLEEPING_.png
2025-05-14 22:52:19,SLEEPING !!!,logs/shruti_keshari/screenshot_2025-05-14_22-52-19_SLEEPING_.png
2025-05-14 22:52:19,SLEEPING !!!,logs/shruti_keshari/screenshot_2025-05-14_22-52-19_SLEEPING_.png
2025-05-14 22:52:20,SLEEPING !!!,logs/shruti_keshari/screenshot_2025-05-14_22-52-20_SLEEPING_.png
2025-05-14 22:52:20,SLEEPING !!!,logs/shruti_keshari/screenshot_2025-05-14_22-52-20_SLEEPING_.png
2025-05-14 22:52:20,SLEEPING !!!,logs/shruti_keshari/screenshot_2025-05-14_22-52-20_SLEEPING_.png
2025-05-14 22:52:20,SLEEPING !!!,logs/shruti_keshari/screenshot_2025-05-14_22-52-20_SLEEPING_.png
2025-05-14 22:52:21,SLEEPING !!!,logs/shruti_keshari/screenshot_2025-05-14_22-52-21_SLEEPING_.png
2025-05-14 22:52:33,Drowsy !,logs/shruti_keshari/screenshot_2025-05-14_22-52-33_Drowsy_.png
2025-05-14 22:52:34,SLEEPING !!!,logs/shruti_keshari/screenshot_2025-05-14_22-52-34_SLEEPING_.png
2025-05-14 22:52:34,SLEEPING !!!,logs/shruti_keshari/screenshot_2025-05-14_22-52-34_SLEEPING_.png
2025-05-14 22:52:34,SLEEPING !!!,logs/shruti_keshari/screenshot_2025-05-14_22-52-34_SLEEPING_.png
2025-05-14 22:52:34,SLEEPING !!!,logs/shruti_keshari/screenshot_2025-05-14_22-52-34_SLEEPING_.png
2025-05-14 22:52:34,SLEEPING !!!,logs/shruti_keshari/screenshot_2025-05-14_22-52-34_SLEEPING_.png
2025-05-14 22:52:35,SLEEPING !!!,logs/shruti_keshari/screenshot_2025-05-14_22-52-35_SLEEPING_.png
2025-05-14 22:52:35,SLEEPING !!!,logs/shruti_keshari/screenshot_2025-05-14_22-52-35_SLEEPING_.png
2025-05-14 22:52:35,SLEEPING !!!,logs/shruti_keshari/screenshot_2025-05-14_22-52-35_SLEEPING_.png
2025-05-14 22:52:45,SLEEPING !!!,logs/shruti_keshari/screenshot_2025-05-14_22-52-45_SLEEPING_.png
2025-05-14 22:52:45,SLEEPING !!!,logs/shruti_keshari/screenshot_2025-05-14_22-52-45_SLEEPING_.png
2025-05-14 22:52:45,SLEEPING !!!,logs/shruti_keshari/screenshot_2025-05-14_22-52-45_SLEEPING_.png
2025-05-14 22:52:45,SLEEPING !!!,logs/shruti_keshari/screenshot_2025-05-14_22-52-45_SLEEPING_.png
2025-05-14 22:52:45,SLEEPING !!!,logs/shruti_keshari/screenshot_2025-05-14_22-52-45_SLEEPING_.png
2025-05-14 22:52:45,SLEEPING !!!,logs/shruti_keshari/screenshot_2025-05-14_22-52-45_SLEEPING_.png
2025-05-14 22:52:45,SLEEPING !!!,logs/shruti_keshari/screenshot_2025-05-14_22-52-45_SLEEPING_.png
2025-05-14 22:52:46,SLEEPING !!!,logs/shruti_keshari/screenshot_2025-05-14_22-52-46_SLEEPING_.png
2025-05-14 22:52:46,SLEEPING !!!,logs/shruti_keshari/screenshot_2025-05-14_22-52-46_SLEEPING_.png
2025-05-14 22:52:46,SLEEPING !!!,logs/shruti_keshari/screenshot_2025-05-14_22-52-46_SLEEPING_.png
2025-05-14 22:52:56,Yawning (Drowsy),logs/shruti_keshari/screenshot_2025-05-14_22-52-56_Yawning_(Drowsy).png
2025-05-15 13:36:50,SLEEPING !!!,logs/shruti_keshari/screenshot_2025-05-15_13-36-50_SLEEPING_.png
2025-05-15 13:36:51,SLEEPING !!!,logs/shruti_keshari/screenshot_2025-05-15_13-36-51_SLEEPING_.png
2025-05-15 13:36:51,SLEEPING !!!,logs/shruti_keshari/screenshot_2025-05-15_13-36-51_SLEEPING_.png
2025-05-15 13:36:51,SLEEPING !!!,logs/shruti_keshari/screenshot_2025-05-15_13-36-51_SLEEPING_.png
2025-05-15 19:58:24,SLEEPING !!!,logs/shruti_keshari/screenshot_2025-05-15_19-58-24_SLEEPING_.png
2025-05-15 19:58:24,SLEEPING !!!,logs/shruti_keshari/screenshot_2025-05-15_19-58-24_SLEEPING_.png
2025-05-15 19:58:24,SLEEPING !!!,logs/shruti_keshari/screenshot_2025-05-15_19-58-24_SLEEPING_.png
2025-05-15 19:58:24,SLEEPING !!!,logs/shruti_keshari/screenshot_2025-05-15_19-58-24_SLEEPING_.png
2025-05-15 19:58:25,SLEEPING !!!,logs/shruti_keshari/screenshot_2025-05-15_19-58-25_SLEEPING_.png
2025-05-15 19:58:25,SLEEPING !!!,logs/shruti_keshari/screenshot_2025-05-15_19-58-25_SLEEPING_.png
2025-05-15 19:58:25,SLEEPING !!!,logs/shruti_keshari/screenshot_2025-05-15_19-58-25_SLEEPING_.png
2025-05-15 19:58:25,SLEEPING !!!,logs/shruti_keshari/screenshot_2025-05-15_19-58-25_SLEEPING_.png
2025-05-15 19:58:25,SLEEPING !!!,logs/shruti_keshari/screenshot_2025-05-15_19-58-25_SLEEPING_.png
2025-05-15 19:58:25,SLEEPING !!!,logs/shruti_keshari/screenshot_2025-05-15_19-58-25_SLEEPING_.png
2025-05-15 19:58:25,SLEEPING !!!,logs/shruti_keshari/screenshot_2025-05-15_19-58-25_SLEEPING_.png
2025-05-15 19:58:26,SLEEPING !!!,logs/shruti_keshari/screenshot_2025-05-15_19-58-26_SLEEPING_.png
2025-05-15 19:58:26,SLEEPING !!!,logs/shruti_keshari/screenshot_2025-05-15_19-58-26_SLEEPING_.png
2025-05-15 19:58:26,SLEEPING !!!,logs/shruti_keshari/screenshot_2025-05-15_19-58-26_SLEEPING_.png
2025-05-15 19:58:26,SLEEPING !!!,logs/shruti_keshari/screenshot_2025-05-15_19-58-26_SLEEPING_.png
2025-05-15 19:58:26,SLEEPING !!!,logs/shruti_keshari/screenshot_2025-05-15_19-58-26_SLEEPING_.png
2025-05-15 19:58:56,Drowsy !,logs/shruti_keshari/screenshot_2025-05-15_19-58-56_Drowsy_.png
2025-05-15 19:58:56,Drowsy !,logs/shruti_keshari/screenshot_2025-05-15_19-58-56_Drowsy_.png
2025-05-15 19:58:56,Drowsy !,logs/shruti_keshari/screenshot_2025-05-15_19-58-56_Drowsy_.png
2025-05-15 19:58:57,Drowsy !,logs/shruti_keshari/screenshot_2025-05-15_19-58-57_Drowsy_.png
2025-05-15 19:58:57,Drowsy !,logs/shruti_keshari/screenshot_2025-05-15_19-58-57_Drowsy_.png
2025-05-15 19:58:57,Drowsy !,logs/shruti_keshari/screenshot_2025-05-15_19-58-57_Drowsy_.png
2025-05-15 19:58:57,Drowsy !,logs/shruti_keshari/screenshot_2025-05-15_19-58-57_Drowsy_.png
2025-05-15 19:58:57,Drowsy !,logs/shruti_keshari/screenshot_2025-05-15_19-58-57_Drowsy_.png
2025-05-15 19:58:57,Drowsy !,logs/shruti_keshari/screenshot_2025-05-15_19-58-57_Drowsy_.png
2025-05-15 19:58:57,Drowsy !,logs/shruti_keshari/screenshot_2025-05-15_19-58-57_Drowsy_.png
2025-05-15 19:58:58,Drowsy !,logs/shruti_keshari/screenshot_2025-05-15_19-58-58_Drowsy_.png
2025-05-15 19:58:58,Drowsy !,logs/shruti_keshari/screenshot_2025-05-15_19-58-58_Drowsy_.png
2025-05-15 19:59:05,Yawning (Drowsy),logs/shruti_keshari/screenshot_2025-05-15_19-59-05_Yawning_(Drowsy).png
2025-05-15 19:59:05,Yawning (Drowsy),logs/shruti_keshari/screenshot_2025-05-15_19-59-05_Yawning_(Drowsy).png
2025-05-15 19:59:05,Yawning (Drowsy),logs/shruti_keshari/screenshot_2025-05-15_19-59-05_Yawning_(Drowsy).png
2025-05-15 19:59:13,Yawning (Drowsy),logs/shruti_keshari/screenshot_2025-05-15_19-59-13_Yawning_(Drowsy).png
2025-05-15 19:59:24,Yawning (Drowsy),logs/shruti_keshari/screenshot_2025-05-15_19-59-24_Yawning_(Drowsy).png
2025-05-15 19:59:29,Yawning (Drowsy),logs/shruti_keshari/screenshot_2025-05-15_19-59-29_Yawning_(Drowsy).png
2025-05-15 19:59:29,Yawning (Drowsy),logs/shruti_keshari/screenshot_2025-05-15_19-59-29_Yawning_(Drowsy).png
2025-05-15 19:59:32,Yawning (Drowsy),logs/shruti_keshari/screenshot_2025-05-15_19-59-32_Yawning_(Drowsy).png
2025-05-15 19:59:32,Yawning (Drowsy),logs/shruti_keshari/screenshot_2025-05-15_19-59-32_Yawning_(Drowsy).png
2025-05-15 19:59:32,Yawning (Drowsy),logs/shruti_keshari/screenshot_2025-05-15_19-59-32_Yawning_(Drowsy).png
2025-05-15 19:59:32,Yawning (Drowsy),logs/shruti_keshari/screenshot_2025-05-15_19-59-32_Yawning_(Drowsy).png
2025-05-15 19:59:33,Yawning (Drowsy),logs/shruti_keshari/screenshot_2025-05-15_19-59-33_Yawning_(Drowsy).png
2025-05-15 19:59:33,Yawning (Drowsy),logs/shruti_keshari/screenshot_2025-05-15_19-59-33_Yawning_(Drowsy).png
2025-05-15 19:59:33,Yawning (Drowsy),logs/shruti_keshari/screenshot_2025-05-15_19-59-33_Yawning_(Drowsy).png
2025-05-15 19:59:33,Yawning (Drowsy),logs/shruti_keshari/screenshot_2025-05-15_19-59-33_Yawning_(Drowsy).png
2025-05-15 19:59:33,Yawning (Drowsy),logs/shruti_keshari/screenshot_2025-05-15_19-59-33_Yawning_(Drowsy).png
2025-05-15 19:59:33,Yawning (Drowsy),logs/shruti_keshari/screenshot_2025-05-15_19-59-33_Yawning_(Drowsy).png
2025-05-15 19:59:33,Yawning (Drowsy),logs/shruti_keshari/screenshot_2025-05-15_19-59-33_Yawning_(Drowsy).png
2025-05-15 19:59:33,Yawning (Drowsy),logs/shruti_keshari/screenshot_2025-05-15_19-59-33_Yawning_(Drowsy).png
2025-05-15 19:59:34,Yawning (Drowsy),logs/shruti_keshari/screenshot_2025-05-15_19-59-34_Yawning_(Drowsy).png
2025-05-15 19:59:34,Yawning (Drowsy),logs/shruti_keshari/screenshot_2025-05-15_19-59-34_Yawning_(Drowsy).png
2025-05-15 19:59:34,Yawning (Drowsy),logs/shruti_keshari/screenshot_2025-05-15_19-59-34_Yawning_(Drowsy).png
2025-05-15 19:59:34,Yawning (Drowsy),logs/shruti_keshari/screenshot_2025-05-15_19-59-34_Yawning_(Drowsy).png
2025-05-15 19:59:34,Yawning (Drowsy),logs/shruti_keshari/screenshot_2025-05-15_19-59-34_Yawning_(Drowsy).png
2025-05-15 19:59:34,Yawning (Drowsy),logs/shruti_keshari/screenshot_2025-05-15_19-59-34_Yawning_(Drowsy).png
2025-05-15 19:59:34,Yawning (Drowsy),logs/shruti_keshari/screenshot_2025-05-15_19-59-34_Yawning_(Drowsy).png
2025-05-15 19:59:35,Yawning (Drowsy),logs/shruti_keshari/screenshot_2025-05-15_19-59-35_Yawning_(Drowsy).png
2025-05-15 19:59:35,Yawning (Drowsy),logs/shruti_keshari/screenshot_2025-05-15_19-59-35_Yawning_(Drowsy).png
2025-05-15 19:59:35,Yawning (Drowsy),logs/shruti_keshari/screenshot_2025-05-15_19-59-35_Yawning_(Drowsy).png
2025-05-15 19:59:35,Yawning (Drowsy),logs/shruti_keshari/screenshot_2025-05-15_19-59-35_Yawning_(Drowsy).png
2025-05-15 19:59:35,Yawning (Drowsy),logs/shruti_keshari/screenshot_2025-05-15_19-59-35_Yawning_(Drowsy).png
2025-05-15 19:59:35,Yawning (Drowsy),logs/shruti_keshari/screenshot_2025-05-15_19-59-35_Yawning_(Drowsy).png
2025-05-15 19:59:35,Yawning (Drowsy),logs/shruti_keshari/screenshot_2025-05-15_19-59-35_Yawning_(Drowsy).png
2025-05-15 19:59:35,Yawning (Drowsy),logs/shruti_keshari/screenshot_2025-05-15_19-59-35_Yawning_(Drowsy).png
2025-05-15 19:59:36,Yawning (Drowsy),logs/shruti_keshari/screenshot_2025-05-15_19-59-36_Yawning_(Drowsy).png
2025-05-15 19:59:36,Yawning (Drowsy),logs/shruti_keshari/screenshot_2025-05-15_19-59-36_Yawning_(Drowsy).png
2025-05-15 19:59:36,Yawning (Drowsy),logs/shruti_keshari/screenshot_2025-05-15_19-59-36_Yawning_(Drowsy).png
2025-05-15 19:59:36,Yawning (Drowsy),logs/shruti_keshari/screenshot_2025-05-15_19-59-36_Yawning_(Drowsy).png
2025-05-15 19:59:36,Yawning (Drowsy),logs/shruti_keshari/screenshot_2025-05-15_19-59-36_Yawning_(Drowsy).png
2025-05-15 19:59:36,Yawning (Drowsy),logs/shruti_keshari/screenshot_2025-05-15_19-59-36_Yawning_(Drowsy).png
2025-05-15 19:59:36,Yawning (Drowsy),logs/shruti_keshari/screenshot_2025-05-15_19-59-36_Yawning_(Drowsy).png
2025-05-15 19:59:37,Yawning (Drowsy),logs/shruti_keshari/screenshot_2025-05-15_19-59-37_Yawning_(Drowsy).png
2025-05-15 19:59:37,Yawning (Drowsy),logs/shruti_keshari/screenshot_2025-05-15_19-59-37_Yawning_(Drowsy).png
2025-05-15 19:59:37,Yawning (Drowsy),logs/shruti_keshari/screenshot_2025-05-15_19-59-37_Yawning_(Drowsy).png
2025-05-15 19:59:37,Yawning (Drowsy),logs/shruti_keshari/screenshot_2025-05-15_19-59-37_Yawning_(Drowsy).png
2025-05-15 19:59:37,Yawning (Drowsy),logs/shruti_keshari/screenshot_2025-05-15_19-59-37_Yawning_(Drowsy).png
2025-05-15 19:59:37,Yawning (Drowsy),logs/shruti_keshari/screenshot_2025-05-15_19-59-37_Yawning_(Drowsy).png
2025-05-15 19:59:37,Yawning (Drowsy),logs/shruti_keshari/screenshot_2025-05-15_19-59-37_Yawning_(Drowsy).png
2025-05-15 19:59:37,Yawning (Drowsy),logs/shruti_keshari/screenshot_2025-05-15_19-59-37_Yawning_(Drowsy).png
2025-05-15 19:59:38,Yawning (Drowsy),logs/shruti_keshari/screenshot_2025-05-15_19-59-38_Yawning_(Drowsy).png
2025-05-15 19:59:38,Yawning (Drowsy),logs/shruti_keshari/screenshot_2025-05-15_19-59-38_Yawning_(Drowsy).png
2025-05-15 19:59:38,Yawning (Drowsy),logs/shruti_keshari/screenshot_2025-05-15_19-59-38_Yawning_(Drowsy).png
2025-05-15 19:59:38,Yawning (Drowsy),logs/shruti_keshari/screenshot_2025-05-15_19-59-38_Yawning_(Drowsy).png
2025-05-15 19:59:38,Yawning (Drowsy),logs/shruti_keshari/screenshot_2025-05-15_19-59-38_Yawning_(Drowsy).png
2025-05-15 19:59:38,Yawning (Drowsy),logs/shruti_keshari/screenshot_2025-05-15_19-59-38_Yawning_(Drowsy).png
2025-05-15 19:59:38,Yawning (Drowsy),logs/shruti_keshari/screenshot_2025-05-15_19-59-38_Yawning_(Drowsy).png
2025-05-15 19:59:39,Yawning (Drowsy),logs/shruti_keshari/screenshot_2025-05-15_19-59-39_Yawning_(Drowsy).png
2025-05-15 19:59:39,Yawning (Drowsy),logs/shruti_keshari/screenshot_2025-05-15_19-59-39_Yawning_(Drowsy).png
2025-05-15 19:59:39,Yawning (Drowsy),logs/shruti_keshari/screenshot_2025-05-15_19-59-39_Yawning_(Drowsy).png
2025-05-15 19:59:39,Yawning (Drowsy),logs/shruti_keshari/screenshot_2025-05-15_19-59-39_Yawning_(Drowsy).png
2025-05-15 19:59:39,Yawning (Drowsy),logs/shruti_keshari/screenshot_2025-05-15_19-59-39_Yawning_(Drowsy).png
2025-05-15 19:59:39,Yawning (Drowsy),logs/shruti_keshari/screenshot_2025-05-15_19-59-39_Yawning_(Drowsy).png
2025-05-15 19:59:39,Yawning (Drowsy),logs/shruti_keshari/screenshot_2025-05-15_19-59-39_Yawning_(Drowsy).png
2025-05-15 19:59:39,Yawning (Drowsy),logs/shruti_keshari/screenshot_2025-05-15_19-59-39_Yawning_(Drowsy).png
2025-05-15 19:59:40,Yawning (Drowsy),logs/shruti_keshari/screenshot_2025-05-15_19-59-40_Yawning_(Drowsy).png
2025-05-15 19:59:40,Yawning (Drowsy),logs/shruti_keshari/screenshot_2025-05-15_19-59-40_Yawning_(Drowsy).png
2025-05-15 19:59:40,Yawning (Drowsy),logs/shruti_keshari/screenshot_2025-05-15_19-59-40_Yawning_(Drowsy).png
2025-05-15 19:59:40,Yawning (Drowsy),logs/shruti_keshari/screenshot_2025-05-15_19-59-40_Yawning_(Drowsy).png
2025-05-15 19:59:40,Yawning (Drowsy),logs/shruti_keshari/screenshot_2025-05-15_19-59-40_Yawning_(Drowsy).png
2025-05-15 19:59:40,Yawning (Drowsy),logs/shruti_keshari/screenshot_2025-05-15_19-59-40_Yawning_(Drowsy).png
2025-05-15 19:59:40,Yawning (Drowsy),logs/shruti_keshari/screenshot_2025-05-15_19-59-40_Yawning_(Drowsy).png
2025-05-15 19:59:41,Yawning (Drowsy),logs/shruti_keshari/screenshot_2025-05-15_19-59-41_Yawning_(Drowsy).png
2025-05-15 19:59:41,Yawning (Drowsy),logs/shruti_keshari/screenshot_2025-05-15_19-59-41_Yawning_(Drowsy).png
2025-05-15 19:59:41,Yawning (Drowsy),logs/shruti_keshari/screenshot_2025-05-15_19-59-41_Yawning_(Drowsy).png
2025-05-15 19:59:41,Yawning (Drowsy),logs/shruti_keshari/screenshot_2025-05-15_19-59-41_Yawning_(Drowsy).png
2025-05-15 19:59:41,Yawning (Drowsy),logs/shruti_keshari/screenshot_2025-05-15_19-59-41_Yawning_(Drowsy).png
2025-05-15 19:59:41,Yawning (Drowsy),logs/shruti_keshari/screenshot_2025-05-15_19-59-41_Yawning_(Drowsy).png
2025-05-15 19:59:41,Yawning (Drowsy),logs/shruti_keshari/screenshot_2025-05-15_19-59-41_Yawning_(Drowsy).png
2025-05-15 19:59:41,Yawning (Drowsy),logs/shruti_keshari/screenshot_2025-05-15_19-59-41_Yawning_(Drowsy).png
2025-05-15 19:59:42,Yawning (Drowsy),logs/shruti_keshari/screenshot_2025-05-15_19-59-42_Yawning_(Drowsy).png
2025-05-15 19:59:42,Yawning (Drowsy),logs/shruti_keshari/screenshot_2025-05-15_19-59-42_Yawning_(Drowsy).png
2025-05-15 19:59:42,Yawning (Drowsy),logs/shruti_keshari/screenshot_2025-05-15_19-59-42_Yawning_(Drowsy).png
2025-05-15 19:59:42,Yawning (Drowsy),logs/shruti_keshari/screenshot_2025-05-15_19-59-42_Yawning_(Drowsy).png
2025-05-15 19:59:42,Yawning (Drowsy),logs/shruti_keshari/screenshot_2025-05-15_19-59-42_Yawning_(Drowsy).png
2025-05-15 19:59:42,Yawning (Drowsy),logs/shruti_keshari/screenshot_2025-05-15_19-59-42_Yawning_(Drowsy).png
2025-05-15 19:59:42,Yawning (Drowsy),logs/shruti_keshari/screenshot_2025-05-15_19-59-42_Yawning_(Drowsy).png
2025-05-15 19:59:43,Yawning (Drowsy),logs/shruti_keshari/screenshot_2025-05-15_19-59-43_Yawning_(Drowsy).png
2025-05-15 19:59:43,Yawning (Drowsy),logs/shruti_keshari/screenshot_2025-05-15_19-59-43_Yawning_(Drowsy).png
2025-05-15 19:59:43,Yawning (Drowsy),logs/shruti_keshari/screenshot_2025-05-15_19-59-43_Yawning_(Drowsy).png
2025-05-15 19:59:43,Yawning (Drowsy),logs/shruti_keshari/screenshot_2025-05-15_19-59-43_Yawning_(Drowsy).png
2025-05-15 19:59:43,Yawning (Drowsy),logs/shruti_keshari/screenshot_2025-05-15_19-59-43_Yawning_(Drowsy).png
2025-05-15 19:59:43,Yawning (Drowsy),logs/shruti_keshari/screenshot_2025-05-15_19-59-43_Yawning_(Drowsy).png
2025-05-15 19:59:43,Yawning (Drowsy),logs/shruti_keshari/screenshot_2025-05-15_19-59-43_Yawning_(Drowsy).png
2025-05-15 19:59:43,Yawning (Drowsy),logs/shruti_keshari/screenshot_2025-05-15_19-59-43_Yawning_(Drowsy).png
2025-05-15 19:59:44,Yawning (Drowsy),logs/shruti_keshari/screenshot_2025-05-15_19-59-44_Yawning_(Drowsy).png
2025-05-15 19:59:44,Yawning (Drowsy),logs/shruti_keshari/screenshot_2025-05-15_19-59-44_Yawning_(Drowsy).png
2025-05-15 19:59:44,Yawning (Drowsy),logs/shruti_keshari/screenshot_2025-05-15_19-59-44_Yawning_(Drowsy).png
2025-05-15 19:59:44,Yawning (Drowsy),logs/shruti_keshari/screenshot_2025-05-15_19-59-44_Yawning_(Drowsy).png
2025-05-15 19:59:44,Yawning (Drowsy),logs/shruti_keshari/screenshot_2025-05-15_19-59-44_Yawning_(Drowsy).png
2025-05-15 19:59:44,Yawning (Drowsy),logs/shruti_keshari/screenshot_2025-05-15_19-59-44_Yawning_(Drowsy).png
2025-05-15 19:59:44,Yawning (Drowsy),logs/shruti_keshari/screenshot_2025-05-15_19-59-44_Yawning_(Drowsy).png
2025-05-15 19:59:45,Yawning (Drowsy),logs/shruti_keshari/screenshot_2025-05-15_19-59-45_Yawning_(Drowsy).png
2025-05-15 19:59:45,Yawning (Drowsy),logs/shruti_keshari/screenshot_2025-05-15_19-59-45_Yawning_(Drowsy).png
2025-05-15 19:59:45,Yawning (Drowsy),logs/shruti_keshari/screenshot_2025-05-15_19-59-45_Yawning_(Drowsy).png
2025-05-15 19:59:45,Yawning (Drowsy),logs/shruti_keshari/screenshot_2025-05-15_19-59-45_Yawning_(Drowsy).png
2025-05-16 21:32:05,SLEEPING !!!,logs/shruti_keshari/screenshot_2025-05-16_21-32-05_SLEEPING_.png
2025-05-18 20:59:10,SLEEPING !!!,logs/shruti_keshari/screenshot_2025-05-18_20-59-10_SLEEPING_.png
2025-05-18 20:59:10,SLEEPING !!!,logs/shruti_keshari/screenshot_2025-05-18_20-59-10_SLEEPING_.png
2025-05-18 20:59:10,SLEEPING !!!,logs/shruti_keshari/screenshot_2025-05-18_20-59-10_SLEEPING_.png
2025-05-18 21:00:24,SLEEPING !!!,logs/shruti_keshari/screenshot_2025-05-18_21-00-24_SLEEPING_.png
2025-05-18 21:00:24,SLEEPING !!!,logs/shruti_keshari/screenshot_2025-05-18_21-00-24_SLEEPING_.png
2025-05-18 21:00:24,SLEEPING !!!,logs/shruti_keshari/screenshot_2025-05-18_21-00-24_SLEEPING_.png
2025-05-18 21:00:24,SLEEPING !!!,logs/shruti_keshari/screenshot_2025-05-18_21-00-24_SLEEPING_.png
2025-05-18 21:00:24,SLEEPING !!!,logs/shruti_keshari/screenshot_2025-05-18_21-00-24_SLEEPING_.png
2025-05-18 21:00:25,SLEEPING !!!,logs/shruti_keshari/screenshot_2025-05-18_21-00-25_SLEEPING_.png
